,Temperature,Humidity,PM2.5,PM10,NO2,SO2,CO,Proximity_to_Industrial_Areas,Population_Density
mean,24.94655,60.02195,9.910899999999998,14.9896,19.44845,5.035,0.9995899999999999,11.987900000000002,398.944
std,3.295710560334448,11.626393817409593,9.707242203118247,9.93570540223491,4.690139400646851,2.0571132686364164,0.10117624177641707,2.021646257385302,115.54834859919029
skewness,-0.04790707873730719,0.0014444393730000317,1.9363096865947362,1.8659221002652826,-0.038851557094376425,-0.02769462465658156,-0.05260081720537624,1.9829714896515147,0.031993714828043085
