,mean,std,skewness
Temperature,30.142,4.182174394578335,0.003375488661811552
Humidity,70.21153333333334,12.314870968963591,-0.0683301654908906
PM2.5,20.4618,20.412058219591675,1.9019335605011845
PM10,30.604333333333333,20.692719844320987,1.7828968532623533
NO2,26.435133333333333,5.072412869193078,0.04973041270184876
SO2,9.976933333333333,4.021523914582077,0.1298635899613952
CO,1.5052933333333334,0.19718987623326123,0.0341641326561567
Proximity_to_Industrial_Areas,6.958666666666667,1.928432408863623,1.8057156261759033
Population_Density,497.56533333333334,115.7904158305955,0.011047610554118553
