,mean,std,skewness
Temperature,34.865100000000005,5.345455264989129,0.027897571877326294
Humidity,80.18289999999999,12.983613425776355,0.06292892750480629
PM2.5,29.235799999999998,28.572447888831643,1.7606459704141855
PM10,44.4521,29.414768664567124,1.656698720972052
NO2,33.212799999999994,6.265524412210043,0.03114902999320813
SO2,15.027,6.19030782756399,-0.11524312128537965
CO,1.9990299999999999,0.2989661504250941,0.05983124778514915
Proximity_to_Industrial_Areas,5.417,2.0173921284668483,2.1156696002083537
Population_Density,594.878,118.35739569625551,0.033305006011931634
